"imdb_id","title","type","franchise","production_start","production_end","release_date","imdb_rating","box_office_us","poster","budget","genre_ids"
"tt0076759","Star Wars: Episode IV - A New Hope","film","Star Wars","1976-03-22","1976-07-16","1977-05-25","8.6","$460,998,507","https://m.media-amazon.com/images/M/MV5BOGUwMDk0Y2MtNjBlNi00NmRiLTk2MWYtMGMyMDlhYmI4ZDBjXkEyXkFqcGc@._V1_SX1000.jpg","",""
"tt0080684","Star Wars: Episode V - The Empire Strikes Back","film","Star Wars","1979-09-01","1980-03-01","1980-05-21","8.7","$292,753,960","https://m.media-amazon.com/images/M/MV5BMTkxNGFlNDktZmJkNC00MDdhLTg0MTEtZjZiYWI3MGE5NWIwXkEyXkFqcGc@._V1_SX1000.jpg","",""
"tt0086190","Star Wars: Episode VI - Return of the Jedi","film","Star Wars","1982-08-01","1983-03-01","1983-05-25","8.3","$316,566,101","https://m.media-amazon.com/images/M/MV5BNWEwOTI0MmUtMGNmNy00ODViLTlkZDQtZTg1YmQ3MDgyNTUzXkEyXkFqcGc@._V1_SX1000.jpg","",""
"tt0120915","Star Wars: Episode I - The Phantom Menace","film","Star Wars","1997-06-01","1998-12-01","1999-05-19","6.5","$487,576,624","https://m.media-amazon.com/images/M/MV5BODVhNGIxOGItYWNlMi00YTA0LWI3NTctZmQxZGUwZDEyZWI4XkEyXkFqcGc@._V1_SX1000.jpg","",""
"tt0121765","Star Wars: Episode II - Attack of the Clones","film","Star Wars","2000-06-26","2001-09-21","2002-05-16","6.6","$310,676,740","https://m.media-amazon.com/images/M/MV5BNTgxMjY2YzUtZmVmNC00YjAwLWJlODMtNDBhNzllNzIzMjgxXkEyXkFqcGc@._V1_SX1000.jpg","",""
"tt0121766","Star Wars: Episode III - Revenge of the Sith","film","Star Wars","2003-06-30","2004-10-15","2005-05-19","7.6","$414,378,291","https://m.media-amazon.com/images/M/MV5BNTc4MTc3NTQ5OF5BMl5BanBnXkFtZTcwOTg0NjI4NA@@._V1_SX1000.jpg","",""
"tt2488496","Star Wars: The Force Awakens","film","Star Wars","2014-05-16","2015-06-12","2015-12-18","6.7","N/A","https://m.media-amazon.com/images/M/MV5BM2UzYjk5MTQtY2U3NC00ODlmLTg2ZGYtMDc1N2Q5YTc0OWViXkEyXkFqcGdeQXVyMjMyMjA0NTA@._V1_SX1000.jpg","",""
"tt2527336","Star Wars: The Last Jedi","film","Star Wars","2016-02-10","2017-07-22","2017-12-15","4.3","N/A","https://m.media-amazon.com/images/M/MV5BNzBkODVkNTUtNDBiOC00Y2ZiLWExMjAtODc0YzA4YTZmZDkwXkEyXkFqcGc@._V1_SX1000.jpg","",""
"tt2527338","Star Wars: The Rise of Skywalker","film","Star Wars","2018-08-20","2019-10-26","2019-12-20","N/A","N/A","https://m.media-amazon.com/images/M/MV5BZjA2NWIyODgtYWNmMS00NjVmLTg2N2MtMWI5ZDVkZTY2OGNkXkEyXkFqcGc@._V1_SX1000.jpg","",""
"tt3748528","Rogue One: A Star Wars Story","film","Star Wars","2015-08-08","2016-07-16","2016-12-16","7.8","$533,539,991","https://m.media-amazon.com/images/M/MV5BMjEwMzMxODIzOV5BMl5BanBnXkFtZTgwNzg3OTAzMDI@._V1_SX1000.jpg","",""
"tt3778644","Solo: A Star Wars Story","film","Star Wars","2017-05-10","2017-10-22","2018-05-25","6.9","$213,767,512","https://m.media-amazon.com/images/M/MV5BOTM2NTI3NTc3Nl5BMl5BanBnXkFtZTgwNzM1OTQyNTM@._V1_SX1000.jpg","",""
"tt0079945","Star Trek: The Motion Picture","film","Star Trek","1978-08-07","1979-01-26","1979-12-07","6.4","$82,604,699","https://m.media-amazon.com/images/M/MV5BNjcyMmVmMTItNTA3Yy00NGJjLTlmYjQtZWQ3ZjcyNmU5NDQ2XkEyXkFqcGc@._V1_SX1000.jpg","",""
"tt0084726","Star Trek II: The Wrath of Khan","film","Star Trek","1981-04-01","1982-02-01","1982-06-04","7.7","$79,707,906","https://m.media-amazon.com/images/M/MV5BOTFkZDY5NWQtMjY4Yy00OThiLTk3YjQtMDdhYTllMTI4MTdiXkEyXkFqcGc@._V1_SX1000.jpg","",""
"tt0088170","Star Trek III: The Search for Spock","film","Star Trek","1983-08-01","1984-04-01","1984-06-01","6.7","$76,471,046","https://m.media-amazon.com/images/M/MV5BYzNkOTZjMTMtOWYzZS00Yjg2LTgyMzQtMmNjODdkYzM0ZjhmXkEyXkFqcGc@._V1_SX1000.jpg","",""
"tt0092007","Star Trek IV: The Voyage Home","film","Star Trek","1985-02-01","1985-10-01","1986-11-26","7.3","$109,713,132","https://m.media-amazon.com/images/M/MV5BYmZlYWYwMzUtMjYzMy00MWI1LTg3MDctOTdjYjA2MDkwNGU5XkEyXkFqcGc@._V1_SX1000.jpg","",""
"tt0098382","Star Trek V: The Final Frontier","film","Star Trek","1988-03-01","1989-02-01","1989-06-09","5.5","$52,210,049","https://m.media-amazon.com/images/M/MV5BNWEzYmU4ZDYtNWMwMi00YWRmLTg3NDQtMWFhYTI3YWQ2OTQ3XkEyXkFqcGc@._V1_SX1000.jpg","",""
"tt0102975","Star Trek VI: The Undiscovered Country","film","Star Trek","1990-09-01","1991-06-01","1991-12-06","7.2","$74,888,996","https://m.media-amazon.com/images/M/MV5BNDgzYjM5MWQtYTkzNy00OWZlLWEzMDctYjA5MDUyNmJhZjM5XkEyXkFqcGc@._V1_SX1000.jpg","",""
"tt0111280","Star Trek: Generations","film","Star Trek","1993-06-01","1994-05-01","1994-11-18","6.6","$75,671,125","https://m.media-amazon.com/images/M/MV5BNDFjYmFmNmItODM5Ny00YzhlLWEzNjEtNTBlNjRiN2RlYTRhXkEyXkFqcGc@._V1_SX1000.jpg","",""
"tt0117731","Star Trek: First Contact","film","Star Trek","1995-04-01","1996-03-01","1996-11-22","7.6","$92,027,888","https://m.media-amazon.com/images/M/MV5BZjc0OWE1NDMtNjRmMi00ZDc2LWI2ZmQtNzEwNWU4Nzg4NDA5XkEyXkFqcGc@._V1_SX1000.jpg","",""
"tt0120844","Star Trek: Insurrection","film","Star Trek","1997-06-01","1998-10-01","1998-12-11","6.4","$70,187,658","https://m.media-amazon.com/images/M/MV5BNTQwZDg2NGQtNjEwNS00ZWVhLWE0YTEtYjhkZWM0NjdkOWIzXkEyXkFqcGc@._V1_SX1000.jpg","",""
"tt0796366","Star Trek (2009)","film","Star Trek","2007-11-07","2008-03-27","2009-05-08","7.9","$257,730,019","https://m.media-amazon.com/images/M/MV5BMjE5NDQ5OTE4Ml5BMl5BanBnXkFtZTcwOTE3NDIzMw@@._V1_SX1000.jpg","",""
"tt1408101","Star Trek Into Darkness","film","Star Trek","2012-01-12","2012-05-01","2013-05-16","7.7","$228,778,661","https://m.media-amazon.com/images/M/MV5BMTk2NzczOTgxNF5BMl5BanBnXkFtZTcwODQ5ODczOQ@@._V1_SX1000.jpg","",""
"tt2660888","Star Trek Beyond","film","Star Trek","2015-06-25","2015-10-15","2016-07-22","7.0","$158,848,340","https://m.media-amazon.com/images/M/MV5BN2FhNDI1YTYtNWI0OC00ZjYxLWJlYWEtN2ZiZjRmZDY1MWJjXkEyXkFqcGc@._V1_SX1000.jpg","",""
"tt0114709","Toy Story","film","Pixar","1994-10-01","1995-06-01","1995-11-22","8.3","$223,225,679","https://m.media-amazon.com/images/M/MV5BZTA3OWVjOWItNjE1NS00NzZiLWE1MjgtZDZhMWI1ZTlkNzYwXkEyXkFqcGc@._V1_SX1000.jpg","",""
"tt0120623","A Bug's Life","film","Pixar","1997-06-01","1998-10-01","1998-11-25","7.2","$162,798,565","https://m.media-amazon.com/images/M/MV5BNGI3Mjc1ZjUtYTJhYS00NjBiLTgyYjctODU5NTNlMWJiYjYzXkEyXkFqcGc@._V1_SX1000.jpg","",""
"tt0120363","Toy Story 2","film","Pixar","1998-07-01","1999-03-01","1999-11-24","7.9","$245,852,179","https://m.media-amazon.com/images/M/MV5BNzVmODlhMDEtY2YxZi00OTVjLTlkNTktN2Q2OTRlM2I4M2FhXkEyXkFqcGc@._V1_SX1000.jpg","",""
"tt0088763","Back to the Future","film","Back to the Future","1984-06-25","1985-04-26","1985-07-03","8.5","$214,553,307","https://m.media-amazon.com/images/M/MV5BZmM3ZjE0NzctNjBiOC00MDZmLTgzMTUtNGVlOWFlOTNiZDJiXkEyXkFqcGc@._V1_SX1000.jpg","",""
"tt0096874","Back to the Future Part II","film","Back to the Future","1989-02-20","1989-08-01","1989-11-22","7.8","$119,361,197","https://m.media-amazon.com/images/M/MV5BMTNlOTRmOTEtMTAyMi00NjFiLTk3NDMtNWI0YzA3ZTZlYjZiXkEyXkFqcGc@._V1_SX1000.jpg","",""
"tt0099088","Back to the Future Part III","film","Back to the Future","1989-08-28","1990-01-18","1990-05-25","7.5","$88,277,583","https://m.media-amazon.com/images/M/MV5BNTNkNzJmY2MtOGNjYi00NDJmLWIyZTQtNmFmMGQ5M2VlOTI0XkEyXkFqcGc@._V1_SX1000.jpg","",""
"tt0133093","The Matrix","film","The Matrix","1998-03-14","1998-09-01","1999-03-31","8.7","$172,076,928","https://m.media-amazon.com/images/M/MV5BN2NmN2VhMTQtMDNiOS00NDlhLTliMjgtODE2ZTY0ODQyNDRhXkEyXkFqcGc@._V1_SX1000.jpg","",""
"tt0234215","The Matrix Reloaded","film","The Matrix","2001-03-26","2002-08-21","2003-05-15","7.2","$281,576,461","https://m.media-amazon.com/images/M/MV5BNjAxYjkxNjktYTU0YS00NjFhLWIyMDEtMzEzMTJjMzRkMzQ1XkEyXkFqcGc@._V1_SX1000.jpg","",""
"tt0242653","The Matrix Revolutions","film","The Matrix","2002-02-17","2003-08-02","2003-11-05","6.7","$139,313,948","https://m.media-amazon.com/images/M/MV5BMmNmMTEzODQtNmExMS00OGUxLWFkNTItMTM3NzBlNDk0YWU5XkEyXkFqcGc@._V1_SX1000.jpg","",""
"tt10838180","The Matrix Resurrections","film","The Matrix","2020-03-04","2021-09-17","2021-12-22","5.6","$37,686,805","https://m.media-amazon.com/images/M/MV5BMDMyNDIzYzMtZTMyMy00NjUyLWI3Y2MtYzYzOGE1NzQ1MTBiXkEyXkFqcGc@._V1_SX1000.jpg","",""
"tt0082971","Raiders of the Lost Ark","film","Indiana Jones","1980-06-23","1980-10-01","1981-06-12","8.4","$248,159,971","https://m.media-amazon.com/images/M/MV5BOGNhMjg2ZjgtYzk4Ni00MTViLTg1MmUtYzM2MDZiYjZlMmU3XkEyXkFqcGc@._V1_SX1000.jpg","",""
"tt0087469","Indiana Jones and the Temple of Doom","film","Indiana Jones","1983-04-18","1983-08-26","1984-05-23","7.5","$179,870,271","https://m.media-amazon.com/images/M/MV5BOGUwZjZiNWQtYzAzZi00NGI5LWE4YmUtN2Y4YWMwY2RlZDkyXkEyXkFqcGc@._V1_SX1000.jpg","",""
"tt0097576","Indiana Jones and the Last Crusade","film","Indiana Jones","1988-05-16","1988-10-01","1989-05-24","8.2","$197,171,806","https://m.media-amazon.com/images/M/MV5BNGIxNzQ0YzYtMjNmYi00YjBlLWFjNzEtNGE3ZGFmYTczM2MwXkEyXkFqcGc@._V1_SX1000.jpg","",""
"tt0367882","Indiana Jones and the Kingdom of the Crystal Skull","film","Indiana Jones","2007-06-18","2007-10-18","2008-05-22","6.2","$317,101,119","https://m.media-amazon.com/images/M/MV5BYTFiMDk2NzItZDU5Ni00ZjBjLTkzYWQtYzcwZDIwMWZjMmZiXkEyXkFqcGc@._V1_SX1000.jpg","",""
"tt1462764","Indiana Jones and the Dial of Destiny","film","Indiana Jones","2021-06-07","2022-02-27","2023-06-30","6.5","$174,480,468","https://m.media-amazon.com/images/M/MV5BYWJlOWE2ZjEtZGRhOC00M2YzLWFkZGEtYzIzZWI2Zjg3NWYxXkEyXkFqcGc@._V1_SX1000.jpg","",""
"tt0088247","The Terminator","film","Terminator","1984-03-01","1984-05-01","1984-10-26","8.1","$38,371,200","https://m.media-amazon.com/images/M/MV5BZmE0YzIxM2QtMGNlMi00MjRmLWE3MWMtOWQzMGVjMmU0YTFmXkEyXkFqcGc@._V1_SX1000.jpg","",""
"tt0103064","Terminator 2: Judgment Day","film","Terminator","1990-10-09","1991-04-04","1991-07-03","8.6","$205,881,154","https://m.media-amazon.com/images/M/MV5BNGMyMGNkMDUtMjc2Ni00NWFlLTgyODEtZTY2MzBiZTg0OWZiXkEyXkFqcGc@._V1_SX1000.jpg","",""
"tt0181852","Terminator 3: Rise of the Machines","film","Terminator","2002-04-15","2002-09-02","2003-07-02","6.3","$150,371,112","https://m.media-amazon.com/images/M/MV5BMTk5NzM1ODgyN15BMl5BanBnXkFtZTcwMzA5MjAzMw@@._V1_SX1000.jpg","",""
"tt0438488","Terminator Salvation","film","Terminator","2008-05-05","2008-08-20","2009-05-21","6.5","$125,322,469","https://m.media-amazon.com/images/M/MV5BMWY1OWQ4ZWQtYzZkOS00ZTU0LWE3MDItOTg3YzdmODRkMDVjXkEyXkFqcGc@._V1_SX1000.jpg","",""
"tt1340138","Terminator Genisys","film","Terminator","2014-04-21","2014-08-06","2015-07-01","6.3","$89,760,956","https://m.media-amazon.com/images/M/MV5BMjM1NTc0NzE4OF5BMl5BanBnXkFtZTgwNDkyNjQ1NTE@._V1_SX1000.jpg","",""
"tt6450804","Terminator: Dark Fate","film","Terminator","2018-03-27","2018-11-28","2019-11-01","6.2","$62,253,077","https://m.media-amazon.com/images/M/MV5BOTU2OGFhYjktNDJhMC00NmU5LWE1OWItNzg5ODU1MzdmNTZkXkEyXkFqcGc@._V1_SX1000.jpg","",""
"tt0080455","The Blues Brothers","film","Blues Brothers","1979-07-01","1979-10-01","1980-06-20","7.9","$57,229,890","https://m.media-amazon.com/images/M/MV5BNzI2ZDAyNjYtNzgwOS00MTRlLWE3MjUtMTI3M2VmYzQ1ZWJmXkEyXkFqcGc@._V1_SX1000.jpg","",""
"tt0087332","Ghostbusters","film","Ghostbusters","1983-10-28","1984-01-20","1984-06-08","7.8","$296,640,120","https://image.tmdb.org/t/p/w500/7E8nLijS9AwwUEPu2oFYOVKhdFA.jpg","",""
"tt0097428","Ghostbusters II","film","Ghostbusters","1988-11-28","1989-03-20","1989-06-16","6.6","$215,394,738","https://image.tmdb.org/t/p/w500/yObYPMA58DnTMvJooFW7GG6jWAt.jpg","",""
"tt0107290","Jurassic Park","film","Jurassic Park","1992-08-24","1992-11-30","1993-06-11","8.2","$407,185,075","https://m.media-amazon.com/images/M/MV5BMjM2MDgxMDg0Nl5BMl5BanBnXkFtZTgwNTM2OTM5NDE@._V1_SX1000.jpg","",""
"tt0119567","Jurassic Park: The Lost World","film","Jurassic Park","1996-09-05","1996-12-11","1997-05-23","7.1","N/A","https://m.media-amazon.com/images/M/MV5BNDQ3YzM4NzUtY2U3NS00YTQ3LWIwYTYtOTI3MmRjOTcwZTk0XkEyXkFqcGc@._V1_SX1000.jpg","",""
"tt0163025","Jurassic Park III","film","Jurassic Park","2000-08-30","2000-10-31","2001-07-18","6.0","$181,171,875","https://m.media-amazon.com/images/M/MV5BN2FmMjhlZDYtNmYyMy00NTdjLTlhYzYtZWNlMDY2MmUzOGM2XkEyXkFqcGc@._V1_SX1000.jpg","",""
"tt0369610","Jurassic World","film","Jurassic Park/World","2014-04-10","2014-08-05","2015-06-12","6.9","$653,406,625","https://m.media-amazon.com/images/M/MV5BNzBhNzlkM2UtZTQyOC00NjUyLTkzMmMtNDQ1YTM5N2NmMGE5XkEyXkFqcGc@._V1_SX1000.jpg","",""
"tt4881806","Jurassic World: Fallen Kingdom","film","Jurassic Park/World","2017-02-01","2017-07-31","2018-06-22","6.1","$417,719,760","https://m.media-amazon.com/images/M/MV5BNzIxMjYwNDEwN15BMl5BanBnXkFtZTgwMzk5MDI3NTM@._V1_SX1000.jpg","",""
"tt8041270","Jurassic World: Dominion","film","Jurassic Park/World","2020-02-24","2020-11-30","2022-06-10","5.6","$376,851,080","https://m.media-amazon.com/images/M/MV5BZGExMWU2NWMtNzczYi00NjQ4LTk2YzctZGZkYmRmMDdhMjllXkEyXkFqcGc@._V1_SX1000.jpg","",""
"tt0117060","Mission: Impossible","film","Mission Impossible","1995-03-01","1995-08-31","1996-05-22","7.2","$180,981,856","https://m.media-amazon.com/images/M/MV5BOGZjNDlkMTYtMTJkZi00OTkzLWI4NDEtYTA2ODQyMjcwYTdlXkEyXkFqcGc@._V1_SX1000.jpg","",""
"tt18304238","Mission: Impossible 2","film","Mission Impossible","1999-08-01","2000-02-29","2000-05-24","N/A","N/A","https://m.media-amazon.com/images/M/MV5BYTU0OGNlNTItZDU0ZS00YTcyLTliYWUtNDliNTExYmRkMmJiXkEyXkFqcGc@._V1_SX1000.jpg","",""
"tt0317919","Mission: Impossible III","film","Mission Impossible","2005-07-01","2005-10-31","2006-05-05","6.9","$134,029,801","https://m.media-amazon.com/images/M/MV5BNzY1MzdjMjYtNDJiZS00N2U4LWI0MWQtZTRiZWYxMzU3ZmI4XkEyXkFqcGc@._V1_SX1000.jpg","",""
"tt1229238","Mission: Impossible: Ghost Protocol","film","Mission Impossible","2010-10-01","2011-03-19","2011-12-16","7.4","$209,397,903","https://m.media-amazon.com/images/M/MV5BMTY4MTUxMjQ5OV5BMl5BanBnXkFtZTcwNTUyMzg5Ng@@._V1_SX1000.jpg","",""
"tt2381249","Mission: Impossible: Rogue Nation","film","Mission Impossible","2014-08-01","2015-03-12","2015-07-31","7.4","$195,042,377","https://m.media-amazon.com/images/M/MV5BZjUwZjg2ZjAtY2RhZi00YmZjLTlhNGQtOWQwNDk1MjhhM2NhXkEyXkFqcGc@._V1_SX1000.jpg","",""
"tt4912910","Mission: Impossible: Fallout","film","Mission Impossible","2017-04-08","2018-03-01","2018-07-27","7.7","$220,159,104","https://m.media-amazon.com/images/M/MV5BZmUwZTg2YmMtMmZjOS00ZDYwLWI2ZDgtZDcyY2ZmMWMwZDdlXkEyXkFqcGc@._V1_SX1000.jpg","",""
"tt9603212","Mission: Impossible: Dead Reckoning Part One","film","Mission Impossible","2021-04-20","2021-09-30","2023-07-12","7.6","$172,640,980","https://m.media-amazon.com/images/M/MV5BN2U4OTdmM2QtZTkxYy00ZmQyLTg2N2UtMDdmMGJmNDhlZDU1XkEyXkFqcGc@._V1_SX1000.jpg","",""
"tt0096895","Batman","film","Batman","1988-10-10","1989-02-14","1989-06-23","7.5","$251,409,241","https://m.media-amazon.com/images/M/MV5BYzZmZWViM2EtNzhlMi00NzBlLWE0MWEtZDFjMjk3YjIyNTBhXkEyXkFqcGc@._V1_SX1000.jpg","",""
"tt0103776","Batman Returns","film","Batman","1991-09-03","1992-02-20","1992-06-19","7.1","$162,924,631","https://m.media-amazon.com/images/M/MV5BZTliMDVkYTktZDdlMS00NTAwLWJhNzYtMWIwMDZjN2ViMGFiXkEyXkFqcGc@._V1_SX1000.jpg","",""
"tt0112462","Batman Forever","film","Batman","1994-09-24","1995-03-05","1995-06-16","5.4","$184,069,126","https://m.media-amazon.com/images/M/MV5BMTUyNjJhZWItMTZkNS00NDc4LTllNjUtYTg3NjczMzA5ZTViXkEyXkFqcGc@._V1_SX1000.jpg","",""
"tt0118688","Batman & Robin","film","Batman","1996-09-12","1997-01-27","1997-06-20","3.8","$107,353,792","https://m.media-amazon.com/images/M/MV5BYzU3ZjE3M2UtM2E4Ni00MDI5LTkyZGUtOTFkMGIyYjNjZGU3XkEyXkFqcGc@._V1_SX1000.jpg","",""
"tt0372784","Batman Begins","film","Batman","2004-03-01","2004-11-30","2005-06-15","8.2","$206,863,479","https://m.media-amazon.com/images/M/MV5BODIyMDdhNTgtNDlmOC00MjUxLWE2NDItODA5MTdkNzY3ZTdhXkEyXkFqcGc@._V1_SX1000.jpg","",""
"tt0468569","The Dark Knight","film","Batman","2007-04-18","2007-11-30","2008-07-18","9.1","$534,987,076","https://m.media-amazon.com/images/M/MV5BMTMxNTMwODM0NF5BMl5BanBnXkFtZTcwODAyMTk2Mw@@._V1_SX1000.jpg","",""
"tt1345836","The Dark Knight Rises","film","Batman","2011-05-28","2012-11-30","2012-07-20","8.4","$448,149,584","https://m.media-amazon.com/images/M/MV5BMTk4ODQzNDY3Ml5BMl5BanBnXkFtZTcwODA0NTM4Nw@@._V1_SX1000.jpg","",""
"tt2975590","Batman v Superman: Dawn of Justice","film","Batman","2014-04-01","2015-03-01","2016-03-25","6.4","$330,360,194","https://m.media-amazon.com/images/M/MV5BZTJkYjdmYjYtOGMyNC00ZGU1LThkY2ItYTc1OTVlMmE2YWY1XkEyXkFqcGc@._V1_SX1000.jpg","",""
"tt1877830","The Batman","film","Batman","2020-01-14","2021-03-01","2022-03-04","7.8","$369,345,583","https://m.media-amazon.com/images/M/MV5BMmU5NGJlMzAtMGNmOC00YjJjLTgyMzUtNjAyYmE4Njg5YWMyXkEyXkFqcGc@._V1_SX1000.jpg","",""
"tt0109040","Ace Ventura: Pet Detective","film","Jim Carrey","1993-04-01","1993-06-30","1994-02-04","6.9","$72,217,396","https://m.media-amazon.com/images/M/MV5BOWU1M2Q5MDgtOTkxZS00NjdmLWFlNWEtOGEyOTNlNGYyYTZlXkEyXkFqcGc@._V1_SX1000.jpg","",""
"tt0110475","The Mask","film","Jim Carrey","1993-08-30","1993-10-31","1994-07-29","7.0","$119,938,730","https://m.media-amazon.com/images/M/MV5BNGNmNjI0ZmMtMzI5MC00ZjUyLWFlZDEtYjUyMGZlN2E3N2E2XkEyXkFqcGc@._V1_SX1000.jpg","",""
"tt0109686","Dumb and Dumber","film","Jim Carrey","1993-09-01","1994-11-30","1994-12-16","7.3","$127,190,327","https://m.media-amazon.com/images/M/MV5BNGQxZDA1MmMtYWQ1Ni00NTJmLTljMjgtZWVmODllODVhMzgyXkEyXkFqcGc@._V1_SX1000.jpg","",""
"tt0119528","Liar Liar","film","Jim Carrey","1996-04-01","1996-11-30","1997-03-21","6.9","$181,410,615","https://m.media-amazon.com/images/M/MV5BMGQ4MTk5YjctNGE5NC00ODk4LWIzOWItNzNhODc0N2JmYzMzXkEyXkFqcGc@._V1_SX1000.jpg","",""
"tt0115798","The Cable Guy","film","Jim Carrey","1995-09-01","1996-01-31","1996-06-14","6.1","$60,240,295","https://m.media-amazon.com/images/M/MV5BZjZiODE3ZTUtYTA0Yi00YjVmLTlhYTEtMzc3MDU1YmZjMWYxXkEyXkFqcGc@._V1_SX1000.jpg","",""
"tt0120382","The Truman Show","film","Jim Carrey","1996-12-09","1997-04-21","1998-06-05","8.2","$125,618,201","https://m.media-amazon.com/images/M/MV5BNzA3ZjZlNzYtMTdjMy00NjMzLTk5ZGYtMTkyYzNiOGM1YmM3XkEyXkFqcGc@._V1_SX1000.jpg","",""
"tt0125664","Man on the Moon","film","Jim Carrey","1998-09-01","1999-03-31","1999-12-22","7.4","$34,607,430","https://m.media-amazon.com/images/M/MV5BYjQ1NmQ3MjItNGNiZC00OWFiLWFiYjktN2E5MzAzZDYwNjdhXkEyXkFqcGc@._V1_SX1000.jpg","",""
"tt0170016","How the Grinch Stole Christmas","film","Jim Carrey","1999-09-01","1999-12-15","2000-11-17","6.4","$261,901,880","https://m.media-amazon.com/images/M/MV5BNDAwMjFhYTEtNzYyMS00YmY2LTg3MGEtZTRkNWNiMDI4MDRkXkEyXkFqcGc@._V1_SX1000.jpg","",""
"tt0315327","Bruce Almighty","film","Jim Carrey","2002-03-01","2003-04-30","2003-05-23","6.8","$242,829,261","https://m.media-amazon.com/images/M/MV5BZWM2ZjA2OTctZmRhMy00ZDIzLTkwZGQtYTRlNmQwZWZmMDBlXkEyXkFqcGc@._V1_SX1000.jpg","",""
"tt0338013","Eternal Sunshine of the Spotless Mind","film","Jim Carrey","2003-06-01","2003-09-15","2004-03-19","8.3","$34,400,301","https://m.media-amazon.com/images/M/MV5BMTY4NzcwODg3Nl5BMl5BanBnXkFtZTcwNTEwOTMyMw@@._V1_SX1000.jpg","",""
"tt0055928","Dr. No","film","James Bond","1962-01-16","1962-02-21","1962-10-05","7.2","$16,067,035","https://m.media-amazon.com/images/M/MV5BM2Q0ODAxYTgtN2E3My00Yzc2LWI2NDUtOGU0YzgzYzM4OWMwXkEyXkFqcGc@._V1_SX1000.jpg","",""
"tt0057076","From Russia with Love","film","James Bond","1963-04-01","1963-06-10","1963-10-10","7.3","$24,796,765","https://m.media-amazon.com/images/M/MV5BMWY2MWY2ODAtMTY5Ny00MzA2LWFkMWYtODU2MjE0MmM4ZTQ4XkEyXkFqcGc@._V1_SX1000.jpg","",""
"tt0058150","Goldfinger","film","James Bond","1964-03-19","1964-05-29","1964-09-17","7.7","$51,081,062","https://m.media-amazon.com/images/M/MV5BMTQ2MzE0OTU3NV5BMl5BanBnXkFtZTcwNjQxNTgzNA@@._V1_SX1000.jpg","",""
"tt0059800","Thunderball","film","James Bond","1965-02-16","1965-05-15","1965-12-09","6.9","$63,595,658","https://m.media-amazon.com/images/M/MV5BZjJiYmRhZjUtZTg5Zi00YjYwLTlmZWYtODZhMzQzMWZlYTRhXkEyXkFqcGc@._V1_SX1000.jpg","",""
"tt0062512","You Only Live Twice","film","James Bond","1966-07-04","1966-11-18","1967-06-13","6.8","$43,084,787","https://m.media-amazon.com/images/M/MV5BMjhlMjg3NDctN2QzNC00N2ViLWJjYjYtMzcyZDdlMmI1MmU4XkEyXkFqcGc@._V1_SX1000.jpg","",""
"tt0064757","On Her Majesty's Secret Service","film","James Bond","1968-10-21","1969-06-23","1969-12-18","6.7","$22,774,493","https://m.media-amazon.com/images/M/MV5BYmMzOWNlNDMtM2NjMC00NTAxLWE4ODYtNzMyNmY0MzM0OWNhXkEyXkFqcGc@._V1_SX1000.jpg","",""
"tt0066995","Diamonds Are Forever","film","James Bond","1971-04-05","1971-07-15","1971-12-17","6.5","$43,819,547","https://m.media-amazon.com/images/M/MV5BMTEwMTdmOWQtNjA0NS00NTBmLTkxMjAtYWI0YjVlZTQ0NmMzXkEyXkFqcGc@._V1_SX1000.jpg","",""
"tt0070328","Live and Let Die","film","James Bond","1972-06-14","1973-03-01","1973-06-27","6.7","$35,377,836","https://m.media-amazon.com/images/M/MV5BOGQ0OThkZGQtMzM4Zi00ZDc2LWE4ZWQtZGYyNjEzYzAzMTYzXkEyXkFqcGc@._V1_SX1000.jpg","",""
"tt0071807","The Man with the Golden Gun","film","James Bond","1973-11-06","1974-02-01","1974-12-19","6.7","$20,972,000","https://m.media-amazon.com/images/M/MV5BNzEzMzFiZDgtMWQ4YS00YmU1LWI5OTUtZjcwZmYyY2FlMTFhXkEyXkFqcGc@._V1_SX1000.jpg","",""
"tt0076752","The Spy Who Loved Me","film","James Bond","1976-08-09","1977-03-01","1977-07-07","7.0","$46,838,673","https://m.media-amazon.com/images/M/MV5BOGQzNTIyYjAtNjAyNy00OTZhLTg4YmMtNzAyNjdiOTlhZDVlXkEyXkFqcGc@._V1_SX1000.jpg","",""
"tt0079574","Moonraker","film","James Bond","1978-06-01","1979-02-01","1979-06-29","6.3","$70,308,099","https://m.media-amazon.com/images/M/MV5BZDM0YTZkNDQtYTU1ZC00MzUyLTlkMTYtYmM2ZjVlM2EyMjBhXkEyXkFqcGc@._V1_SX1000.jpg","",""
"tt0082398","For Your Eyes Only","film","James Bond","1980-08-01","1981-03-01","1981-06-24","6.7","$54,812,802","https://m.media-amazon.com/images/M/MV5BMjFiYTczNzktZmNiYi00ZGVmLTk4YjUtYzZmYTAwYjU4YTgxXkEyXkFqcGc@._V1_SX1000.jpg","",""
"tt0086034","Octopussy","film","James Bond","1982-08-10","1983-04-01","1983-06-10","6.5","$67,893,619","https://m.media-amazon.com/images/M/MV5BOWZkNWVhMDItOTQwYy00ZDgwLTg3MGItMTcyOTk3OWZkMWIwXkEyXkFqcGc@._V1_SX1000.jpg","",""
"tt0090264","A View to a Kill","film","James Bond","1984-05-22","1985-03-01","1985-05-24","6.3","$50,327,960","https://m.media-amazon.com/images/M/MV5BZjc3ZTJkZjUtM2E4Mi00YzA1LWJkZTAtM2U0OWUyYTE4YTFiXkEyXkFqcGc@._V1_SX1000.jpg","",""
"tt0093428","The Living Daylights","film","James Bond","1986-08-18","1987-05-01","1987-06-29","6.7","$51,185,897","https://m.media-amazon.com/images/M/MV5BNzU3NjJlZDItY2EzOC00NWU2LThiZjUtMTUzNjdiYmZlYWE0XkEyXkFqcGc@._V1_SX1000.jpg","",""
"tt0097742","Licence to Kill","film","James Bond","1988-07-18","1989-02-01","1989-07-13","6.7","$34,667,015","https://m.media-amazon.com/images/M/MV5BYjY3OWJkMjMtYTgwYS00MjJjLWE4M2ItOWVhOWMxNGM1NDk3XkEyXkFqcGc@._V1_SX1000.jpg","",""
"tt0113189","GoldenEye","film","James Bond","1994-01-17","1995-05-01","1995-11-17","7.2","$106,429,941","https://m.media-amazon.com/images/M/MV5BOGQxNmYyY2YtZGIyNy00ODgxLThhZWEtZGIyNjJhYzFlOTllXkEyXkFqcGc@._V1_SX1000.jpg","",""
"tt0120347","Tomorrow Never Dies","film","James Bond","1997-04-07","1997-07-01","1997-12-12","6.5","$125,304,276","https://m.media-amazon.com/images/M/MV5BMTM1MTk2ODQxNV5BMl5BanBnXkFtZTcwOTY5MDg0NA@@._V1_SX1000.jpg","",""
"tt0143145","The World Is Not Enough","film","James Bond","1999-04-12","1999-07-01","1999-11-19","6.4","$126,943,684","https://m.media-amazon.com/images/M/MV5BMDlmNTA0YmMtODJmMi00NTZhLTk4MzUtY2FiYjNhMmY4OTI1XkEyXkFqcGc@._V1_SX1000.jpg","",""
"tt0246460","Die Another Day","film","James Bond","2001-02-01","2002-03-01","2002-11-22","6.1","$160,942,139","https://m.media-amazon.com/images/M/MV5BNDZiYWFmOTQtMTQ5Yy00MzA3LWFlNzktZTVmMGQ1MDA4MjEyXkEyXkFqcGc@._V1_SX1000.jpg","",""
"tt0381061","Casino Royale","film","James Bond","2005-01-30","2006-03-01","2006-11-14","8.0","$167,445,960","https://m.media-amazon.com/images/M/MV5BMWQ1ZDM4NDktMWY0NC00MjcxLWJlMDMtNmE2MGVhYzRjMWQ0XkEyXkFqcGc@._V1_SX1000.jpg","",""
"tt0830515","Quantum of Solace","film","James Bond","2007-01-07","2008-03-01","2008-10-31","6.5","$168,368,427","https://m.media-amazon.com/images/M/MV5BYmMwZTA3MTAtNWU0Yy00NGZmLTg0YmItZTVkZGFjZTI1ZWJiXkEyXkFqcGc@._V1_SX1000.jpg","",""
"tt1074638","Skyfall","film","James Bond","2011-11-07","2012-05-01","2012-10-26","7.8","$304,360,277","https://m.media-amazon.com/images/M/MV5BNjAzMWNkODUtM2FlMi00NzgyLWJhMGUtMWEyNDYyZGFiN2RlXkEyXkFqcGc@._V1_SX1000.jpg","",""
"tt2379713","Spectre","film","James Bond","2014-12-08","2015-04-01","2015-10-26","6.8","$200,074,609","https://m.media-amazon.com/images/M/MV5BMzA5MzFiNDAtYTI0NC00MDE5LTljYTctYTNkODk1OTZlODI5XkEyXkFqcGc@._V1_SX1000.jpg","",""
"tt2382320","No Time to Die","film","James Bond","2019-04-04","2020-10-12","2021-09-30","7.3","$160,891,007","https://m.media-amazon.com/images/M/MV5BZGZiOGZhZDQtZmRkNy00ZmUzLTliMGEtZGU0NjExOGMxZDVkXkEyXkFqcGc@._V1_SX1000.jpg","",""
"tt0162222","Cast Away","film","","1999-01-01","2000-05-01","2000-12-22","7.8","$233,632,142","","",""
"tt0094737","Big","film","","1987-09-01","1987-12-31","1988-06-03","7.3","$115,227,281","","",""
"tt0108160","Sleepless in Seattle","film","","1992-09-01","1993-03-01","1993-06-25","6.8","$126,808,165","","",""
"tt0120815","Saving Private Ryan","film","","1997-06-01","1997-12-01","1998-07-24","8.6","$217,049,603","","",""
"tt0111161","The Shawshank Redemption","film","","1993-06-01","1993-08-01","1994-10-14","9.3","$28,767,189","","",""
"tt0110912","Pulp Fiction","film","","1993-09-20","1993-11-20","1994-10-14","8.8","$107,928,762","","",""
"tt0109830","Forrest Gump","film","","1993-08-01","1994-05-01","1994-07-06","8.8","$330,455,270","","",""
"tt0137523","Fight Club","film","","1998-06-01","1998-11-01","1999-10-15","8.8","$37,030,102","","",""
"tt1375666","Inception","film","","2009-05-01","2009-11-01","2010-07-16","8.8","$292,587,330","","",""
"tt0816692","Interstellar","film","","2013-08-06","2014-08-01","2014-11-07","8.7","$203,227,580","","",""
"tt0078748","Alien","film","Alien","1978-03-01","1978-07-01","1979-05-25","8.5","$104,931,801","https://image.tmdb.org/t/p/w500/vfrQk5IPloGg1v9Rzbh2Eg3VGyM.jpg","",""
"tt1289401","Ghostbusters (2016)","film","","2015-06-17","2015-09-19","2016-07-14","6.8","$229,147,509","https://image.tmdb.org/t/p/w500/wJmWliwXIgZOCCVOcGRBhce7xPS.jpg","",""
"tt0090605","Aliens","film","Alien","","","1986-07-18","","$183,316,455","https://image.tmdb.org/t/p/w500/r1x5JGpyqZU8PYhbs4UcrO1Xb6x.jpg","",""
"tt0103644","Alien³","film","Alien","","","1992-05-22","","$159,773,545","https://image.tmdb.org/t/p/w500/xh5wI0UoW7DfS1IyLy3d2CgrCEP.jpg","",""
"tt0118583","Alien Resurrection","film","","1996-10-01","1997-03-01","1997-11-12","6.2","$162,000,000","https://image.tmdb.org/t/p/w500/9aRDMlU5Zwpysilm0WCWzU2PCFv.jpg","",""
"tt0211915","Amélie","film","","2000-07-01","2000-10-01","2001-04-25","8.3","$173,921,954","https://image.tmdb.org/t/p/w500/nSxDa3M9aMvGVLoItzWTepQ5h5d.jpg","",""
"tt0095016","Die Hard","film","Die Hard","1987-11-01","1988-04-01","1988-07-15","8.2","$140,767,956","https://image.tmdb.org/t/p/w500/aJCpHDC6RoGz7d1Fzayl019xnxX.jpg","",""
"tt0099423","Die Hard 2","film","Die Hard","1990-02-01","1990-06-01","1990-07-03","7.2","$240,031,094","https://image.tmdb.org/t/p/w500/lDFO7D4MdbhjOwaPwe18QG69Rt0.jpg","",""
"tt0112864","Die Hard: With a Vengeance","film","Die Hard","1994-04-01","1995-02-01","1995-05-19","7.6","$366,101,666","https://image.tmdb.org/t/p/w500/buqmCdFQEWwEpL3agGgg2GVjN2d.jpg","",""
"tt0337978","Live Free or Die Hard","film","Die Hard","2006-07-01","2007-04-01","2007-06-20","7.1","$383,531,464","https://image.tmdb.org/t/p/w500/wplG0vWnpnzkIBDxBhTfIygqfoK.jpg","",""
"tt1606378","A Good Day to Die Hard","film","Die Hard","2012-04-01","2012-12-01","2013-02-06","5.2","$304,654,182","https://image.tmdb.org/t/p/w500/qJ0csDXAVFMsNn0cRcjy6W6PxAK.jpg","",""
"tt0325980","Pirates of the Caribbean: The Curse of the Black Pearl","film","Pirates of the Caribbean","2002-10-09","2003-03-07","2003-07-09","8.1","$655,011,224","https://image.tmdb.org/t/p/w500/z8onk7LV9Mmw6zKz4hT6pzzvmvl.jpg","",""
"tt0383574","Pirates of the Caribbean: Dead Man's Chest","film","Pirates of the Caribbean","","","2006-07-06","7.4","$1,066,179,747","https://image.tmdb.org/t/p/w500/lAhcKRt0ggTFkeFL95jrGQYaRXs.jpg","",""
"tt0449088","Pirates of the Caribbean: At World's End","film","Pirates of the Caribbean","2006-01-01","2006-12-31","2007-05-19","7.1","$961,691,209","https://image.tmdb.org/t/p/w500/jGWpG4YhpQwVmjyHEGkxEkeRf0S.jpg","",""
"tt1298650","Pirates of the Caribbean: On Stranger Tides","film","Pirates of the Caribbean","2010-06-01","2010-11-01","2011-05-15","6.6","$1,046,721,266","https://image.tmdb.org/t/p/w500/keGfSvCmYj7CvdRx36OdVrAEibE.jpg","",""
"tt1790809","Pirates of the Caribbean: Dead Men Tell No Tales","film","Pirates of the Caribbean","2014-02-01","2015-01-01","2017-05-23","6.5","$795,922,298","https://image.tmdb.org/t/p/w500/qwoGfcg6YUS55nUweKGujHE54Wy.jpg","",""
"tt1630029","Avatar: The Way of Water","film","Avatar","2017-09-01","2020-09-01","2022-12-14","7.5","$2,320,250,281","https://image.tmdb.org/t/p/w500/t6HIqrRAclMCA60NsSmeqe9RmNV.jpg","",""
"tt0499549","Avatar","film","Avatar","2007-04-01","2009-01-01","2009-12-15","7.9","$2,923,706,026","https://image.tmdb.org/t/p/w500/gKY6q7SjCkAU6FqvqWybDYgUKIF.jpg","",""
"tt15398776","Oppenheimer","film","","2022-02-01","2022-05-01","2023-07-19","8.3","$952,000,000","https://image.tmdb.org/t/p/w500/8Gxv8gSFCU0XGDykEGv7zR1n2ua.jpg","",""
"tt0119488","L.A. Confidential","film","","1996-05-01","1996-08-01","1997-09-19","8.2","$126,216,940","https://image.tmdb.org/t/p/w500/2PH1pqXMcYBDjodkjiMwMiPi2bH.jpg","",""
"tt0167404","The Sixth Sense","film","","1998-10-01","1998-12-01","1999-08-06","8.2","$672,800,000","https://image.tmdb.org/t/p/w500/vOyfUXNFSnaTk7Vk5AjpsKTUWsu.jpg","",""
"tt0378194","Kill Bill: Vol. 2","film","Kill Bill","2003-01-01","2003-10-01","2004-04-16","8.0","$152,159,461","https://image.tmdb.org/t/p/w500/2yhg0mZQMhDyvUQ4rG1IZ4oIA8L.jpg","",""
"tt0266697","Kill Bill: Vol. 1","film","Kill Bill","2002-01-01","2003-03-31","2003-10-10","8.2","$180,906,076","https://image.tmdb.org/t/p/w500/v7TaX8kXMXs5yFFGR41guUDNcnB.jpg","",""
"tt0268978","A Beautiful Mind","film","","2000-04-01","2000-12-01","2001-12-14","","$316,791,257","https://image.tmdb.org/t/p/w500/rEIg5yJdNOt9fmX4P8gU9LeNoTQ.jpg","",""
"tt0264464","Catch Me If You Can","film","","2001-02-01","2002-01-01","2002-12-16","8.1","$352,114,312","https://image.tmdb.org/t/p/w500/ctjEj2xM32OvBXCq8zAdK3ZrsAj.jpg","",""
"tt0097165","Dead Poets Society","film","","1988-11-01","1989-03-01","1989-06-02","8.1","$235,860,116","https://image.tmdb.org/t/p/w500/erzbMlcNHOdx24AXOcn2ZKA7R1q.jpg","",""
"tt0083658","Blade Runner","film","Blade Runner","1981-03-01","1981-10-01","1982-06-25","","$41,722,424","https://image.tmdb.org/t/p/w500/63N9uy8nd9j7Eog2axPQ8lbr3Wj.jpg","",""
"tt0073195","Jaws","film","","1974-05-01","1975-05-01","1975-06-20","8.1","$470,653,000","https://image.tmdb.org/t/p/w500/lxM6kqilAdpdhqUl2biYp5frUxE.jpg","",""
"tt0118715","The Big Lebowski","film","","1997-01-01","1997-05-01","1998-03-06","8.1","$47,010,480","https://image.tmdb.org/t/p/w500/9mprbw31MGdd66LR0AQKoDMoFRv.jpg","",""
"tt0091369","Labyrinth","film","","1985-04-01","1985-09-01","1986-06-27","","$12,729,917","https://image.tmdb.org/t/p/w500/hbSdA1DmNA9IlfVoqJkIWYF2oYm.jpg","",""
"tt0089218","The Goonies","film","","1984-10-01","1985-02-01","1985-06-07","7.7","$69,649,283","https://image.tmdb.org/t/p/w500/eBU7gCjTCj9n2LTxvCSIXXOvHkD.jpg","",""
"tt0093779","The Princess Bride","film","","1986-06-01","1986-10-01","1987-09-25","8.0","$30,900,000","https://image.tmdb.org/t/p/w500/dvjqlp2sAhUeFjUOfQDgqwpphHj.jpg","",""
"tt0118884","Contact","film","","","","1997-07-11","7.5","$171,120,329","https://image.tmdb.org/t/p/w500/bCpMIywuNZeWt9i5UMLEIc0VSwM.jpg","",""
"tt0128853","You've Got Mail","film","","1998-03-01","1998-07-01","1998-12-18","6.7","$250,800,000","https://image.tmdb.org/t/p/w500/e2uVtH6TpMfUl7WeOM70ezkcjsU.jpg","",""
"tt0151804","Office Space","film","","1998-11-01","1999-02-01","1999-02-19","7.6","$12,800,000","https://image.tmdb.org/t/p/w500/v7fBXxHZ5WQn2PGgpXhTqHgtcJk.jpg","",""
"tt0203009","Moulin Rouge!","film","","2000-04-01","2000-12-01","2001-05-18","7.6","$179,213,434","https://image.tmdb.org/t/p/w500/2kjM5CUZRIU5yOANUowrbJcRL9L.jpg","",""
"tt0365748","Shaun of the Dead","film","Three Flavours Cornetto","2003-05-01","2003-08-01","2004-04-09","7.9","$39,396,175","https://image.tmdb.org/t/p/w500/dgXPhzNJH8HFTBjXPB177yNx6RI.jpg","",""
"tt0425112","Hot Fuzz","film","Three Flavours Cornetto","2006-03-01","2006-06-01","2007-02-14","7.8","$80,600,000","https://image.tmdb.org/t/p/w500/zPib4ukTSdXvHP9pxGkFCe34f3y.jpg","",""
"tt1213663","The World's End","film","Three Flavours Cornetto","2012-09-01","2012-12-31","2013-07-18","6.9","$46,100,000","https://image.tmdb.org/t/p/w500/kpglnOBYmKn0AkkWDzGxzKHDbds.jpg","",""
"tt6710474","Everything Everywhere All at Once","film","","2020-01-01","2020-03-01","2022-03-24","7.8","$139,200,000","https://image.tmdb.org/t/p/w500/u68AjlvlutfEIcpmbYpKcdi09ut.jpg","",""
"tt0120903","X-Men","film","X-Men","1999-09-01","2000-03-01","2000-07-13","7.3","$296,339,527","https://image.tmdb.org/t/p/w500/bRDAc4GogyS9ci3ow7UnInOcriN.jpg","",""
"tt0290334","X2","film","X-Men","2002-06-01","2003-01-01","2003-04-27","7.4","$407,711,549","https://image.tmdb.org/t/p/w500/bWMw0FMsY8DICgrQnrTSWbzEgtr.jpg","",""
"tt0376994","X-Men: The Last Stand","film","X-Men","2005-07-01","2006-02-01","2006-05-24","6.6","$459,359,555","https://image.tmdb.org/t/p/w500/a2xicU8DpKtRizOHjQLC1JyCSRS.jpg","",""
"tt0458525","X-Men Origins: Wolverine","film","X-.Men","2008-01-01","2008-12-01","2009-04-28","6.5","$373,062,864","https://image.tmdb.org/t/p/w500/yj8LbTju1p7CUJg7US2unSBk33s.jpg","",""
"tt1430132","The Wolverine","film","X-Men","2012-08-01","2012-11-01","2013-07-21","6.7","$415,440,673","https://image.tmdb.org/t/p/w500/8lzmovtARDXnE7kTDOum02i6fXv.jpg","",""
"tt3315342","Logan","film","X-Men","2016-05-09","2016-10-19","2017-02-28","8.1","$619,021,436","https://image.tmdb.org/t/p/w500/fnbjcRDYn6YviCcePDnGdyAkYsB.jpg","",""
"tt1431045","Deadpool","film","X-Men","2015-04-06","2015-07-03","2016-02-09","","$782,837,347","https://image.tmdb.org/t/p/w500/3E53WEZJqP6aM84D8CckXx4pIHw.jpg","",""
"tt5463162","Deadpool 2","film","X-Men","2017-06-01","2017-10-31","2018-05-15","7.6","$785,896,632","https://image.tmdb.org/t/p/w500/to0spRl1CMDvyUbOnbb4fTk3VAd.jpg","",""
"tt6263850","Deadpool & Wolverine","film","X-Men","2023-05-01","2024-01-01","2024-07-24","7.5","$1,338,073,645","https://image.tmdb.org/t/p/w500/8cdWjvZQUExUUTzyp4t6EDMubfO.jpg","",""
"tt0848228","The Avengers","film","MCU","2011-04-01","2011-09-01","2012-04-25","8.0","$1,518,815,515","https://image.tmdb.org/t/p/w500/RYMX2wcKCBAr24UyPD7xwmjaTn.jpg","",""
"tt2395427","Avengers: Age of Ultron","film","MCU","2013-03-01","2014-08-01","2015-04-22","7.3","$1,405,403,694","https://image.tmdb.org/t/p/w500/4ssDuvEDkSArWEdyBl2X5EHvYKU.jpg","",""
"tt4154756","Avengers: Infinity War","film","MCU","","","2018-04-25","8.4","$2,052,415,039","https://image.tmdb.org/t/p/w500/7WsyChQLEftFiDOVTGkv3hFpyyt.jpg","",""
"tt4154796","Avengers: Endgame","film","MCU","2017-08-01","2019-01-01","2019-04-24","8.4","$858,373,000","https://image.tmdb.org/t/p/w500/ulzhLuWrPK07P1YkdWQLZnQh1JL.jpg","$356,000,000","28|12|878"
"tt0371746","Iron Man","film","MCU","2007-03-12","2007-10-05","2008-04-30","7.9","$585,174,222","https://image.tmdb.org/t/p/w500/78lPtwv72eTNqFW9COBYI0dWDJa.jpg","",""
"tt0800080","The Incredible Hulk","film","MCU","2007-07-01","2008-03-01","2008-06-12","6.6","$264,770,996","https://image.tmdb.org/t/p/w500/gKzYx79y0AQTL4UAk1cBQJ3nvrm.jpg","",""
"tt1228705","Iron Man 2","film","MCU","2009-04-01","2009-11-01","2010-04-28","6.9","$623,933,331","https://image.tmdb.org/t/p/w500/6WBeq4fCfn7AN0o21W9qNcRF2l9.jpg","",""
"tt0800369","Thor","film","MCU","2010-01-11","2010-05-06","2011-04-21","7.0","$449,326,618","https://image.tmdb.org/t/p/w500/prSfAi1xGrhLQNxVSUFh61xQ4Qy.jpg","",""
"tt0458339","Captain America: The First Avenger","film","MCU","2010-09-01","2011-01-01","2011-07-22","6.9","$370,569,774","https://image.tmdb.org/t/p/w500/vSNxAJTlD0r02V9sPYpOjqDZXUK.jpg","",""
"tt1300854","Iron Man 3","film","MCU","2012-05-01","2012-12-01","2013-04-18","7.1","$1,215,577,205","https://image.tmdb.org/t/p/w500/qhPtAc1TKbMPqNvcdXSOn9Bn7hZ.jpg","",""
"tt1981115","Thor: The Dark World","film","MCU","2012-09-01","2013-01-01","2013-10-30","6.7","$644,783,140","https://image.tmdb.org/t/p/w500/wp6OxE4poJ4G7c0U2ZIXasTSMR7.jpg","",""
"tt1843866","Captain America: The Winter Soldier","film","MCU","2013-04-08","2013-10-25","2014-03-20","7.7","$714,766,572","https://image.tmdb.org/t/p/w500/tVFRpFw3xTedgPGqxW0AOI8Qhh0.jpg","",""
"tt2015381","Guardians of the Galaxy","film","MCU","2013-07-01","2013-10-01","2014-07-30","8.0","$772,776,600","https://image.tmdb.org/t/p/w500/r7vmZjiyZw9rpJMQJdXpjgiCOk9.jpg","",""
"tt0478970","Ant-Man","film","MCU","2014-08-18","2014-12-05","2015-07-14","7.2","$519,311,965","https://image.tmdb.org/t/p/w500/rQRnQfUl3kfp78nCWq8Ks04vnq1.jpg","",""
"tt3498820","Captain America: Civil War","film","MCU","2015-04-01","2015-08-01","2016-04-27","7.8","$1,155,046,416","https://image.tmdb.org/t/p/w500/rAGiXaUfPzY7CDEyNKUofk3Kw2e.jpg","",""
"tt1211837","Doctor Strange","film","MCU","2015-11-01","2016-04-01","2016-10-25","7.5","$676,343,174","https://image.tmdb.org/t/p/w500/uGBVj3bEbCoZbDjjl9wTxcygko1.jpg","",""
"tt3896198","Guardians of the Galaxy Vol. 2","film","MCU","2016-02-17","2016-06-19","2017-04-19","7.6","$863,756,051","https://image.tmdb.org/t/p/w500/y4MBh0EjBlMuOzv9axM4qJlmhzz.jpg","",""
"tt2250912","Spider-Man: Homecoming","film","MCU","2016-06-20","2016-10-08","2017-07-05","7.4","$880,166,924","https://image.tmdb.org/t/p/w500/c24sv2weTHPsmDa7jEMN0m2P3RT.jpg","",""
"tt1825683","Black Panther","film","MCU","2017-01-01","2017-04-01","2018-02-13","7.3","$1,349,926,083","https://image.tmdb.org/t/p/w500/uxzzxijgPIY7slzFvMotPv8wjKA.jpg","",""
"tt3501632","Thor: Ragnarok","film","MCU","2016-01-01","2016-10-31","2017-10-02","7.9","$855,301,806","https://image.tmdb.org/t/p/w500/rzRwTcFvttcN1ZpX2xv4j3tSdJu.jpg","",""
"tt5095030","Ant-Man and the Wasp","film","MCU","2017-08-01","2018-01-01","2018-07-04","7.0","$622,674,139","https://image.tmdb.org/t/p/w500/cFQEO687n1K6umXbInzocxcnAQz.jpg","",""
"tt4154664","Captain Marvel","film","MCU","2018-03-01","2018-12-01","2019-03-06","6.7","$1,131,416,446","https://image.tmdb.org/t/p/w500/AtsgWhDnHTq68L0lLsUrCnM7TjG.jpg","",""
"tt6320628","Spider-Man: Far From Home","film","MCU","2018-07-01","2018-12-01","2019-06-28","7.4","$1,131,927,996","https://image.tmdb.org/t/p/w500/4q2NNj4S5dG2RLF9CpXsej7yXl.jpg","",""
"tt0075148","Rocky","film","Rocky","1975-01-01","1976-01-01","1976-11-20","8.1","$225,253,184","https://image.tmdb.org/t/p/w500/8kEun6U9hTddM7NEfLLCGQKU2Mp.jpg","",""
"tt0079817","Rocky II","film","Rocky","1978-09-01","1979-02-01","1979-06-15","7.3","$85,187,855","https://image.tmdb.org/t/p/w500/nMaiiu0CzT77U4JZkUYV7KqdAjK.jpg","",""
"tt0084602","Rocky III","film","Rocky","1981-02-01","1982-03-01","1982-05-28","6.9","$269,952,898","https://image.tmdb.org/t/p/w500/9jS3wG3cNSEu8sVUFAFQ8exyaaH.jpg","",""
"tt0089927","Rocky IV","film","Rocky","1985-01-01","1985-05-31","1985-11-21","6.9","$300,473,716","https://image.tmdb.org/t/p/w500/2MHUit4H6OK5adcOjnCN6suCKOl.jpg","",""
"tt0100507","Rocky V","film","Rocky","1990-09-01","1990-12-01","1990-11-16","5.4","$119,946,358","https://image.tmdb.org/t/p/w500/tevHaVxtrMTaUi8f3YjLWYSSY8A.jpg","",""
"tt0479143","Rocky Balboa","film","Rocky","2005-01-01","2006-07-01","2006-12-20","7.1","$155,929,020","https://image.tmdb.org/t/p/w500/byBlJvZwCqgtIwrZNv0pyE974jC.jpg","",""
"tt0119822","As Good as It Gets","film","","1997-04-01","1997-07-01","1997-12-19","7.7","$314,178,011","https://image.tmdb.org/t/p/w500/xXxuJPNUDZ0vjsAXca0O5p3leVB.jpg","",""
"tt0098635","When Harry Met Sally...","film","","1988-07-01","1989-03-01","1989-07-12","7.7","$92,823,546","https://image.tmdb.org/t/p/w500/rFOiFUhTMtDetqCGClC9PIgnC1P.jpg","",""
"tt0314331","Love Actually","film","","2002-09-01","2003-01-01","2003-09-07","7.5","$250,779,876","https://image.tmdb.org/t/p/w500/7QPeVsr9rcFU9Gl90yg0gTOTpVv.jpg","",""
"tt1570728","Crazy, Stupid, Love.","film","","2010-04-01","2010-06-01","2011-07-29","7.4","$145,079,584","https://image.tmdb.org/t/p/w500/p4RafgAPk558muOjnBMHhMArjS2.jpg","",""
"tt0405422","The 40 Year Old Virgin","film","","","","2005-08-11","7.1","$177,400,000","https://image.tmdb.org/t/p/w500/mVeoqL37gzhMXQVpONi9DGOQ3tZ.jpg","",""
"tt0116483","Happy Gilmore","film","","1995-02-01","1995-05-01","1996-02-16","7.0","$41,422,354","https://image.tmdb.org/t/p/w500/epFP29rGrLPseuKxpz3mGKr23Do.jpg","",""
"tt0259446","My Big Fat Greek Wedding","film","","2001-07-01","2001-10-01","2002-04-19","6.6","$368,744,044","https://image.tmdb.org/t/p/w500/ztc05ym0T3stnBpRHdxEs3Zwsmp.jpg","",""
"tt0250494","Legally Blonde","film","","2000-06-01","2000-09-01","2001-07-13","6.5","$141,778,365","https://image.tmdb.org/t/p/w500/9ohlMrJHQqKhfUKh7Zr3JQqHNLZ.jpg","",""
"tt0478311","Knocked Up","film","","2006-05-01","2006-08-01","2007-06-01","6.9","$219,900,000","https://image.tmdb.org/t/p/w500/b4OaXw2MW97VvIiZE0Sbn1NfxSh.jpg","",""
"tt0190332","Crouching Tiger, Hidden Dragon","film","","1999-07-01","1999-12-31","2000-07-06","7.9","$213,978,518","https://image.tmdb.org/t/p/w500/iNDVBFNz4XyYzM9Lwip6atSTFqf.jpg","",""
"tt0232500","The Fast and the Furious","film","Fast & Furious","2000-07-01","2001-03-01","2001-06-22","6.8","$207,283,925","https://image.tmdb.org/t/p/w500/gqY0ITBgT7A82poL9jv851qdnIb.jpg","",""
"tt0322259","2 Fast 2 Furious","film","Fast & Furious","2002-07-01","2002-12-01","2003-06-05","5.9","$236,350,661","https://image.tmdb.org/t/p/w500/6nDZExrDKIXvSAghsFKVFRVJuSf.jpg","",""
"tt0463985","The Fast and the Furious: Tokyo Drift","film","Fast & Furious","2005-08-01","2006-03-01","2006-06-03","6.1","$158,964,610","https://image.tmdb.org/t/p/w500/46xqGOwHbh2TH2avWSw3SMXph4E.jpg","",""
"tt1013752","Fast & Furious","film","Fast & Furious","2008-01-01","2008-05-01","2009-04-02","6.5","$363,164,265","https://image.tmdb.org/t/p/w500/lUtVoRukW7WNtUySwd8hWlByBds.jpg","",""
"tt1596343","Fast Five","film","Fast & Furious","2010-02-01","2010-08-01","2011-04-20","7.3","$626,100,000","https://image.tmdb.org/t/p/w500/gEfQjjQwY7fh5bI4GlG0RrBu7Pz.jpg","",""
"tt1905041","Fast & Furious 6","film","Fast & Furious","2012-05-01","2013-02-01","2013-05-21","7.0","$788,700,000","https://image.tmdb.org/t/p/w500/thSmnRdrzPBBospIOJjLZBReqzo.jpg","",""
"tt2820852","Furious 7","film","Fast & Furious","2013-09-01","2015-03-18","2015-04-01","7.1","$1,515,400,000","https://image.tmdb.org/t/p/w500/wurKlC3VKUgcfsn0K51MJYEleS2.jpg","",""